epoch,loss,mean_absolute_error,val_loss,val_mean_absolute_error
0,2.819554924964905,0.5576166560252508,7.90326681137085,1.228299903869629
1,3.552894393603007,0.6549283663431803,2.9527151584625244,0.5714871168136597
